{"cameraMode":{"drawMode":0,"name":"Shaded","section":"Shading Mode"},"sceneLighting":true,"audioPlay":false,"sceneViewState":{"showFog":true,"showMaterialUpdate":true,"showSkybox":true,"showFlares":true,"showImageEffects":true,"showParticleSystems":true},"in2DMode":false,"pivot":{"x":0.0,"y":1.0910000801086426,"z":0.4292590618133545},"rotation":{"x":0.26353228092193606,"y":-0.2974107563495636,"z":0.08578187972307205,"w":0.9136733412742615},"size":10.394255638122559,"orthographic":true}