{"cameraMode":{"drawMode":0,"name":"Shaded","section":"Shading Mode"},"sceneLighting":false,"audioPlay":false,"sceneViewState":{"showFog":true,"showMaterialUpdate":false,"showSkybox":false,"showFlares":true,"showImageEffects":true,"showParticleSystems":true},"in2DMode":false,"pivot":{"x":0.0,"y":1.0910000801086426,"z":0.4292590618133545},"rotation":{"x":0.05839882045984268,"y":0.783522367477417,"z":-0.0745120421051979,"w":0.6141465902328491},"size":1.1537961959838868,"orthographic":false}